<?xml version="1.0" encoding="UTF-8"?>
<!DOCTYPE why3session PUBLIC "-//Why3//proof session v5//EN"
"http://why3.lri.fr/why3session.dtd">
<why3session shape_version="4">
<prover id="0" name="CVC4" version="1.7" timelimit="5" steplimit="0" memlimit="1000"/>
<prover id="1" name="Z3" version="4.8.12" timelimit="5" steplimit="0" memlimit="1000"/>
<prover id="2" name="CVC4" version="1.7" alternative="noBV" timelimit="5" steplimit="0" memlimit="1000"/>
<prover id="3" name="Alt-Ergo" version="2.4.2" timelimit="5" steplimit="0" memlimit="1000"/>
<file name="../2_2.mlw" expanded="true">
<theory name="SetVer" sum="d41d8cd98f00b204e9800998ecf8427e" expanded="true">
</theory>
<theory name="SetInt" sum="8e103a47b9be23414073e29546478381" expanded="true">
 <goal name="WP_parameter interval" expl="VC for interval" expanded="true">
 <proof prover="0" timelimit="1" memlimit="2000"><result status="unknown" time="1.04" steps="81610"/></proof>
 <transf name="split_goal_wp" expanded="true">
  <goal name="WP_parameter interval.1" expl="loop invariant init">
  <proof prover="0" timelimit="1" memlimit="2000"><result status="valid" time="0.03" steps="3764"/></proof>
  </goal>
  <goal name="WP_parameter interval.2" expl="loop invariant preservation">
  <proof prover="0"><result status="unknown" time="4.96" steps="380749"/></proof>
  <proof prover="1"><result status="valid" time="3.15"/></proof>
  <proof prover="3"><result status="timeout" time="5.00"/></proof>
  </goal>
  <goal name="WP_parameter interval.3" expl="loop variant decrease">
  <proof prover="0" timelimit="1" memlimit="2000"><result status="valid" time="0.01" steps="3617"/></proof>
  </goal>
  <goal name="WP_parameter interval.4" expl="postcondition">
  <proof prover="0" timelimit="1" memlimit="2000"><result status="unknown" time="0.97" steps="120675"/></proof>
  <transf name="split_goal_wp">
   <goal name="WP_parameter interval.4.1" expl="postcondition">
   <proof prover="0" timelimit="1" memlimit="2000"><result status="valid" time="0.03" steps="4587"/></proof>
   </goal>
   <goal name="WP_parameter interval.4.2" expl="postcondition">
   <proof prover="0"><result status="unknown" time="4.96" steps="402255"/></proof>
   <proof prover="1"><result status="valid" time="0.25"/></proof>
   <proof prover="3"><result status="timeout" time="5.00"/></proof>
   <transf name="introduce_premises">
    <goal name="WP_parameter interval.4.2.1" expl="postcondition">
    <proof prover="0"><result status="unknown" time="4.92" steps="777388"/></proof>
    <proof prover="1"><result status="valid" time="0.25"/></proof>
    <proof prover="3"><result status="timeout" time="5.00"/></proof>
    </goal>
   </transf>
   </goal>
   <goal name="WP_parameter interval.4.3" expl="postcondition">
   <proof prover="0" timelimit="1" memlimit="2000"><result status="unknown" time="0.98" steps="115567"/></proof>
   <transf name="introduce_premises">
    <goal name="WP_parameter interval.4.3.1" expl="postcondition">
    <transf name="inline_all">
     <goal name="WP_parameter interval.4.3.1.1" expl="postcondition">
     <proof prover="0"><result status="unknown" time="14.89" steps="548113"/></proof>
     <proof prover="1"><result status="valid" time="3.63"/></proof>
     </goal>
    </transf>
    </goal>
   </transf>
   </goal>
  </transf>
  </goal>
 </transf>
 </goal>
</theory>
<theory name="Erat" sum="1c6ae9f7d44f8dadc2050e0e6315a830" expanded="true">
 <goal name="sieve_length" expl="">
 <proof prover="0"><result status="valid" time="0.34" steps="38467"/></proof>
 <proof prover="1"><result status="valid" time="0.02"/></proof>
 <proof prover="2"><result status="valid" time="0.20"/></proof>
 <proof prover="3"><result status="timeout" time="5.00"/></proof>
 </goal>
 <goal name="WP_parameter erat" expl="VC for erat" expanded="true">
 <transf name="split_goal_wp" expanded="true">
  <goal name="WP_parameter erat.1" expl="precondition">
  <proof prover="0"><result status="valid" time="0.03" steps="8658"/></proof>
  <proof prover="1"><result status="valid" time="0.01"/></proof>
  <proof prover="3"><result status="valid" time="0.01" steps="8"/></proof>
  </goal>
  <goal name="WP_parameter erat.2" expl="loop invariant init">
  <proof prover="0"><result status="valid" time="0.05" steps="11820"/></proof>
  <proof prover="1"><result status="valid" time="0.04"/></proof>
  <proof prover="3"><result status="valid" time="0.02" steps="24"/></proof>
  </goal>
  <goal name="WP_parameter erat.3" expl="loop invariant init">
  <proof prover="0"><result status="valid" time="0.05" steps="12047"/></proof>
  <proof prover="1"><result status="valid" time="0.03"/></proof>
  <proof prover="3"><result status="valid" time="0.03" steps="44"/></proof>
  </goal>
  <goal name="WP_parameter erat.4" expl="loop invariant init">
  <proof prover="0"><result status="valid" time="0.04" steps="10265"/></proof>
  <proof prover="1"><result status="valid" time="0.03"/></proof>
  <proof prover="3"><result status="valid" time="0.01" steps="18"/></proof>
  </goal>
  <goal name="WP_parameter erat.5" expl="loop invariant init">
  <proof prover="0"><result status="valid" time="0.03" steps="11228"/></proof>
  <proof prover="1"><result status="valid" time="0.04"/></proof>
  <proof prover="3"><result status="valid" time="0.01" steps="15"/></proof>
  </goal>
  <goal name="WP_parameter erat.6" expl="assertion">
  <proof prover="0"><result status="valid" time="0.04" steps="12275"/></proof>
  <proof prover="1"><result status="valid" time="0.05"/></proof>
  <proof prover="3"><result status="valid" time="0.02" steps="51"/></proof>
  </goal>
  <goal name="WP_parameter erat.7" expl="loop invariant preservation">
  <proof prover="0"><result status="valid" time="0.05" steps="13430"/></proof>
  <proof prover="1"><result status="valid" time="0.05"/></proof>
  <proof prover="3"><result status="valid" time="0.01" steps="35"/></proof>
  </goal>
  <goal name="WP_parameter erat.8" expl="loop invariant preservation">
  <proof prover="0"><result status="valid" time="0.06" steps="13253"/></proof>
  <proof prover="1"><result status="valid" time="0.06"/></proof>
  <proof prover="3"><result status="valid" time="0.03" steps="87"/></proof>
  </goal>
  <goal name="WP_parameter erat.9" expl="loop invariant preservation">
  <proof prover="0"><result status="valid" time="0.15" steps="37371"/></proof>
  <proof prover="1"><result status="timeout" time="5.00"/></proof>
  <proof prover="3"><result status="highfailure" time="3.55"/></proof>
  </goal>
  <goal name="WP_parameter erat.10" expl="loop invariant preservation">
  <proof prover="0"><result status="valid" time="0.05" steps="14625"/></proof>
  <proof prover="1"><result status="valid" time="0.02"/></proof>
  <proof prover="3"><result status="valid" time="0.03" steps="79"/></proof>
  </goal>
  <goal name="WP_parameter erat.11" expl="loop variant decrease">
  <proof prover="0"><result status="valid" time="0.04" steps="13980"/></proof>
  <proof prover="1"><result status="timeout" time="5.00"/></proof>
  <proof prover="3"><result status="valid" time="0.04" steps="156"/></proof>
  </goal>
  <goal name="WP_parameter erat.12" expl="postcondition">
  <proof prover="0"><result status="valid" time="0.06" steps="14675"/></proof>
  <proof prover="1"><result status="valid" time="0.03"/></proof>
  <proof prover="3"><result status="valid" time="0.02" steps="109"/></proof>
  </goal>
  <goal name="WP_parameter erat.13" expl="postcondition">
  <proof prover="0"><result status="valid" time="0.04" steps="13860"/></proof>
  <proof prover="1"><result status="timeout" time="5.00"/></proof>
  <proof prover="3"><result status="valid" time="0.06" steps="202"/></proof>
  </goal>
 </transf>
 </goal>
</theory>
</file>
</why3session>
