<?xml version="1.0" encoding="UTF-8"?>
<!DOCTYPE why3session PUBLIC "-//Why3//proof session v5//EN"
"http://why3.lri.fr/why3session.dtd">
<why3session shape_version="4">
<prover id="0" name="Z3" version="4.8.12" timelimit="5" steplimit="0" memlimit="1000"/>
<prover id="1" name="Alt-Ergo" version="2.4.2" timelimit="5" steplimit="0" memlimit="1000"/>
<prover id="2" name="CVC4" version="1.7" timelimit="5" steplimit="0" memlimit="1000"/>
<file name="../2_1.mlw" expanded="true">
<theory name="Task21" sum="12ce01edffb7e3f5776922437397de1c" expanded="true">
 <goal name="WP_parameter p" expl="VC for p" expanded="true">
 <transf name="inline_goal" expanded="true">
  <goal name="WP_parameter p.1" expl="VC for p" expanded="true">
  <transf name="split_goal_wp" expanded="true">
   <goal name="WP_parameter p.1.1" expl="postcondition" expanded="true">
   <proof prover="0"><result status="valid" time="0.03"/></proof>
   <proof prover="1"><result status="valid" time="0.02" steps="61"/></proof>
   <proof prover="2"><result status="valid" time="0.04" steps="2899"/></proof>
   </goal>
   <goal name="WP_parameter p.1.2" expl="precondition" expanded="true">
   <proof prover="0"><result status="valid" time="0.02"/></proof>
   <proof prover="1"><result status="valid" time="0.00" steps="4"/></proof>
   <proof prover="2"><result status="valid" time="0.02" steps="2358"/></proof>
   </goal>
   <goal name="WP_parameter p.1.3" expl="postcondition" expanded="true">
   <proof prover="0"><result status="valid" time="0.09"/></proof>
   <proof prover="1"><result status="valid" time="0.07" steps="399"/></proof>
   <proof prover="2"><result status="valid" time="0.04" steps="5422"/></proof>
   </goal>
  </transf>
  </goal>
 </transf>
 </goal>
</theory>
</file>
</why3session>
